ce_id,discord_id,display_name
a03e85a3-6bc3-435d-b8c3-cb2e6f852146,1149678173135577170,brxmellia
bd3179a3-74bf-4819-8992-75f8cfc34898,281827622311165952,Aergis
10730cd6-fd4b-485d-ba32-6f8feb80fd40,332580609979449354,Kanra
e32b2761-9ca3-4262-b3bb-81e87757f62e,134368882767953920,JonusIV
38dd742d-e468-4a49-bcc7-6c1d72afd0b7,161936553646620672,sp1nz
c9a67a56-2676-4874-ae81-7f991f414790,327434093077987328,MrCooper
8108231f-44bb-49ac-bb5e-f91016ed2c3d,539377726985863188,Trusty Patches
c9031509-eb14-4568-9660-9a4652bc8da1,361185720477679616,Vitas2222
38c35074-f0e5-4dda-969f-79bdc22a0d4f,181557462602743809,Realism Mode
5053c1de-d3cf-4c5e-92e8-ec90607cde11,476213685073739798,KingConn
f1a98c45-1b13-47f8-a143-428c74b92a54,190914829416923137,DeSert StreaM
16e75bae-270a-48f0-abe9-5de4c81d3784,204624193277394944,Zelda
89a106f5-4c9b-4b81-be82-fb3d360bf654,170031855180054529,Leaf
b729ea66-167e-4336-bc9a-227f6f7437a2,827680236933873705,Jos
82117366-ed79-4c76-aa11-1c0cc0b03150,948841388617912382,Ritsuki
d382f893-be8c-49ca-9462-14dde6788999,260082193064263692,Nimportnawak
422108a7-731d-49da-ad8c-4c605b1bb181,193479482928136201,SomeMug
94e5f451-d20e-4047-b89e-435dcf772fd3,287221166832091139,DeKleineKabouter
da031a54-caa3-42a1-9cce-ae9fd6b180b6,287301639885553666,Kyara
345b76fd-759f-42b5-944c-e40a2aaf03a9,305130303221923840,Razman
efb16588-d451-4424-b5b7-104e5ff2b9d7,582328970390011905,that awful sound
b25da9bc-760c-4cba-9869-a79f97c459c1,178131218586402816,Link_Z
efac015a-825f-4000-b8be-497bcd1489a7,86703939273134080,Qrowe
f2870a47-d3e5-4cae-999f-53e099c386f2,734009364267925584,withered big charger
15759b65-ce77-4219-aa9e-9c69ee5a2410,236940270426390529,Gelium
fd35c68e-8b44-45a1-8679-d6dbe49623e5,271182008225366018,KC
39b21858-e503-4faf-8889-b5e786bae018,940788208264941610,Yesn't
df0a0319-c1be-4a22-9152-4267216832d1,687876105473884174,Jarvis
d8503a78-4447-4a5c-865d-84f239f768e3,169597802811228160,Blizzy
5832186a-2fb1-478f-a3e3-67f8e632ce82,398011841726644234,Cirpacha
5d5518a1-fdee-426b-ae2d-6d9c22a8a941,203305106857394177,1Kick234
9b3ba1a6-e3b2-4966-a142-1ffa05002f97,220655808902463489,Legion
2c5960a8-d890-4d4b-beef-a8d1a510d59e,980227403869716511,Velocity
7c2c6d6b-ffc2-49c7-8c9c-26b8455eb26f,163806204085141504,Kostucha
d7cb0869-5ed9-465c-87bf-0fb95aaebbd5,413427677522034727,andyisindecisive
835afaad-0059-4e39-b24f-24b2c76b1d08,347900490668965888,ApolloTheOne
67bce20e-3306-4b83-8027-d6894d474740,269468866256699392,Folkius
ee38146b-ed28-4d10-bc52-507547d10dbe,210053805092503553,Desticler
a2032443-ba6a-416a-8ee3-47e8ab918ff8,275897976432492544,SakumaDrops
63c6839c-ca09-45b2-af81-9cb4bb63b10b,321658083380035584,JayJay
a353f430-ea22-42a6-a531-6ea50594de35,312637818470137856,Teragat
1314be46-1dcc-426a-b1b8-d3069ce8e337,141006444777439232,Gaphodil
edb19b67-a4c7-4a51-84d4-97cd25f00d45,97686998134820864,They/Themaleena :3c
ed7d5864-dc10-4e43-aa5e-4185d222c309,563913237943549953,mini1burger
0f00b344-3ccf-4941-a974-0f2ddeade40e,164906143418810368,Chebyshevrolet
2ff757f3-6526-46fb-9e35-6eb2cd21cf38,120583438771159042,Tettrum
36cb85be-ab7b-4293-b7ac-c2920297eaa2,372448657766613023,Morlet
e5c4c97a-b7c5-46f4-9a2c-a484d5ef255f,207244389943083009,NiceStickman
b77f1282-ca31-4ce4-8544-a3130fe0f5fe,309034614033481739,Hugo
f7700746-721b-4a58-a700-c047a84d7bfd,191663267393830912,NEXGENEEZY
3e1ac4cd-d1f4-46e9-91d8-281feb03d274,393987592229748736,nobody_at_all
ac8c598c-dfa7-45ca-853b-9ca7fa631284,102136023135293440,snifidy
c38b6dcc-ec69-45bc-b59c-68796a522f66,199824864222248960,Pig
a2fdb8c5-ebc2-4c1a-a408-271d84a01687,138597738181951488,Temper
b10b609b-331b-4215-b208-23765ef43f86,254294731557699586,ZALOLO
e790e8f0-f67e-4646-8fa9-de436b2c8d5e,234359499966775297,AthenaVenny
ebf1ccf0-6439-4924-a148-356ae007b837,324128483972349952,TheDoginator
f79b9aa8-b7c1-43b9-95e3-c50c35120a22,86453704420515840,Schmole
68bcc833-c785-453b-8eac-78fec76b2d78,630619198342823976,ReinhardtCardinal
eeef9648-6f5b-4ed5-901b-398b1ee93623,956914646932135986,てんのみかさ
319f5820-b03e-4052-b737-259b0cd5c207,88645250448379904,Breed
930f5ef4-27dc-4d0c-9709-796f360d3dfd,266997298226135040,Egzalt
e47db200-15af-48e1-819d-2742c7263648,475623217998856203,SUM10
992f86df-6327-47f7-ba0c-0212126c0aaf,716247539799818262,らみあ
c8a19e3d-4720-4904-bad8-26d8167603c7,228687025258102784,monimonimonimonicaaa
eebbf608-18b4-4f40-9bbb-1c49b9c64fe0,245575227583627265,inu329
9e83dc6b-9c6b-4949-9928-722636f749ab,199974274654666764,Uzzbuzz
ac8d4bbd-2008-4093-b968-7107987710b0,204160186284376064,haramey
42376e0e-5ff2-4fb1-bd86-26be52856570,283280553854238722,Loomis Gaming
32b422c5-433e-4713-99f1-581c9c6ca9d0,427391133480386581,renda
c8958519-547b-4171-aec7-b3988cfedabd,716260913283596339,からあげ
171aeeb8-555c-41eb-b18d-49ea572b8061,421959207860961290,actor-river（よっと）
f51c7511-e286-454f-93b0-2a4c48784278,470958524160147457,Kebarvu
4dd8b42d-29dd-4899-83d7-bfa032e5e47e,776102594493808640,nemurimu
bc54ac04-976e-4d7b-b24e-bfb52c6db0fa,357491164292841473,kiehi
1a8bc2fa-de36-4a11-86bd-5e691c3622bf,1200136609010565231,vovsik
37a70c4a-4e33-43b2-95bb-4b4d0e447ba8,220711426111701002,レツ
d44321b0-5026-4604-a3e4-ae657b521164,297595123884359681,Deunousen
420d58f6-fa38-487f-ba11-011fba3ffdc4,669212073754099722,cos65535
150799a6-9f03-48e2-8724-25f69405ce27,107392353060278272,Vantier
195fef73-7123-4e82-992f-7a808c7465bf,537332249331236874,Joker
990a1db9-4bdd-4a4d-bf33-99c28e0fee01,655444095598067728,Doctor_Cheese
bb3759e6-8212-4e82-8de6-a94db63daf71,950934666947469343,owl_female
616c93f7-a674-4c33-ad26-8afc350f3646,404582735097757696,nikocha
284bd4de-3947-45ae-b457-17cbfb55a7b9,95610788173066240,juice
1538b2e3-ec4f-476f-8c88-39be21f8d79e,222438425939148800,tired
c0225edd-616c-4fdf-a1b4-35351bd8843f,694746229514698807,calypso
08a7a27c-00b2-44fb-b799-ff87ce8b35ae,189239164976365568,Wewser
9eb48426-4d19-4278-9fae-e66fc3daecce,230783891487588353,Ben
5e63d193-58a1-4024-b87e-a8d9d3c58fdb,221423138683093013,Mape
cb05ca80-df52-4880-8784-7b9986cc8034,300009464764039169,𒉭 Haohmaru 𒉭
3e307f2d-c99b-480e-8125-8063e0448691,217674702095777792,Roxalie
42eeb080-51e4-403d-9330-23dadd5d8e79,762004063793184788,nuepiyoo
33707072-fd9b-4e71-9628-e8ef7c428060,331292865282048000,End_KHX
3fde2397-586f-4c76-957c-fff27664da40,238466793801383937,Newfi Cheese
a76abf86-9510-479b-bc7f-79b3ed6fbf79,904386571367751720,Alan Quake
520c3fd1-01d8-4dd3-bcd8-bd85a009ff65,295190059588648961,SU56
c734c959-403f-4489-8516-d97b0527882f,782836386104606761,hisa3fl
40344666-4d6c-4fab-95b5-d21e35ecef27,333677894838648853,cheeb
ee70b232-754c-4501-9ce9-3dce6cd57c3a,198332072765554688,Achrotone
bf1c8598-ad57-4b6f-9887-6850520f3092,333357475644309505,Waretol
5d63666a-964c-45bb-be81-85510ed1f20c,321417911187013652,Dabba
053dcb37-004b-4f17-a318-eb0591c23722,550605164210290688,Brendan
0953baed-fb96-4651-9fe0-9db13f0b94a6,398972544612302859,ssqwpola
fa94b258-439c-41ea-8459-d35f24d03f48,622899290800652318,NaVi
c3375b74-d5d4-43b5-bffb-434917427071,275382835043500032,CraziiPanduh
3c31ec12-b02f-4b56-aa74-00ab3cc83a4a,238005009378312202,Rexerus2
1d88bc8f-0f2c-4c78-b9c1-bd3a9665aa88,955195431065903204,Aymee
a2e5c171-b85f-41af-b4b1-0db99a76f290,350817007660302337,oatmeal
6e3ab098-f150-4a2a-82f5-1c7f88172cec,724090086756450378,Nund
75360635-954f-4422-aa80-2460ecda0bdf,173613438650679296,koolboom
78f558e9-098e-458b-b3b5-15abe02fcb63,1160666497497178184,Sparkɣ
9de8b08b-311f-47ca-8013-a0efce92180e,403018843494154240,twodey
c347141f-fb6c-4512-bc27-63292d943980,245328420085432320,AkaraWa
fb0eea6e-8b3a-482f-962a-28ab2762dce9,172466224494542849,Sakura ♡
6aff2f24-dabe-48a4-b7e6-c936fd09f3d0,221015472617816064,Hornet
98c96ba7-beaf-4cd5-bcc8-922210b4a64e,319441620070039562,dumb potato bitch wife
9a813b2a-27a8-4fb7-ac8c-805d14c0d47e,246693486785593345,Icondor
f7c51af4-2937-4a9b-b423-1c800dece8b4,59682232159186944,90
5eaca598-115b-4e59-b3e1-94430f783582,214444129185300483,??????/S Guy
75875716-9a2e-44c1-bca4-0ba3aeb7f927,852670195491012629,Nat
ae06c7a3-c699-4ffc-b55b-e5926e3a6c8c,187189712463593482,Hungarde
cc0d5a4e-fa7c-4634-8052-ea844786b48d,277411087874523137,TetraField
85871f2a-1ebd-4003-ae95-b1b0253df4ba,314817933945733121,Joachim Gauck
ba42c305-90c3-478f-80f1-4702157be318,399967566896037889,melwei
167b0e6f-3003-4320-a1ca-282b0095b4d3,581495338796580874,Metro
198a74a5-7ae6-4c4a-85c1-66ad25422d9e,84465380982009856,Vord
0a0e9aaf-3672-42e4-a32e-f8965aab50a9,369476437805367296,Meni
81227d6a-c059-41c5-b4a7-c9c134170a2c,173468649884090368,TheRussianTanker
4de96a99-fc58-46d1-947e-1fb42261f439,217033922868019200,Bladier
8d5cb79b-3758-4491-b9ba-cc27cb4bce88,520858245322244097,Nihen
fd31ebb2-c0fc-4276-8073-754638eeab6b,609478516655915044,azathoth
8fdceff9-1ef1-4677-9e12-415afd6a0688,670044838078578728,Gwii
ebc60fc2-78ac-4719-87af-55757083b362,926962934897332235,Meru-chan
bcbbbdd0-75e4-440e-9f63-b8dd949f8b62,856593841107763262,Toadwinter
5affa70d-18ae-45a4-8bdf-d85df7064bca,1302316410436980747,DallyDEF
976ad288-3c82-485a-bfac-9f4979fbfae7,71525265808826368,Calistus
e4506f59-1c98-4e0b-9d27-eef6ab7ac69b,149963089402527746,Zawy
ae590c2b-5f14-4932-b987-02bac74f548c,939297695338733588,LegoFroggit
a6f93a13-bcff-4cc5-b750-7a604fae2dc9,179193535474565121,Ralf
68a49ec8-7d61-4d78-b27e-aebbbfc6ce9c,221791168847937536,BloodStinger
299e825d-67cd-4c6b-8d47-5224cfb37bdf,722270113369161730,kabopzka
371b35d4-bec4-4844-b13a-2a4c215fbaa7,260883298304131082,Shiny
56af7164-6fd0-4f12-abaa-c347d57448fe,832655601254531142,Rynoop
a0cc7463-a996-4e0e-904d-eda8a95ce520,1234580513767821504,Mono
a321ae73-c961-4ece-b1d2-78496ad8b599,260826111376621568,xClawz
0231acbc-64df-4baf-934f-182e9cf4d9b2,352414359735107587,Koble
2281f80f-51a5-47d1-89c5-f23d0dcec849,301238689802092545,Junipurrs
97b90d9d-9efc-4b07-98a7-c339b0e2da60,249890618984103936,Ander
cc761153-b59c-4421-b127-4010d294d914,895201513943748628,KOZEL22890
517ab818-de68-4054-9727-53ee0ab83e17,501029102082457620,Narnian
6e29c9e1-aeac-4156-b0a6-3032c9f3223a,202612830334222336,Randoom™
649cacf6-99e0-41c6-a270-c33d28d3365e,326451386973945866,CanYouDont
df9437f5-608b-44e4-98bc-7f22df390ea5,227501827946446848,kassi
0e2a1e38-7370-4cc6-967c-c2c6ae533992,223976025770426369,sykalol
43408d42-7a4b-41ad-93b9-aa1d8449df0e,610623737317949471,sloomguy
95fb1496-e731-4318-9d26-62b15be073ab,115231418161954825,tropped
36aacdb1-aac9-4640-8a8f-f55417d14b8e,694195463582122034,Paz
edb1fc19-4e5a-45a4-84a0-f0ab322f054b,342938254913568769,Driekondo
3a193d02-1595-4117-aa9d-a35a314d0bf2,135569853691068416,Stick
de325d47-2418-4fb1-a304-24463f6d02c9,136243324804661248,Ogamiss
24a4696c-7ec5-466e-9a49-3d49437370bd,183294363210612737,Shockapic
31cb36bf-32ba-48eb-b6eb-7e2ace9517cb,702140825210978404,Musterer
0d9c9397-44e1-4545-b13e-3b6ec7fe30fb,509699201962082307,Hiya
31a8cb6a-ceb3-4a55-8475-f797e4bd8821,683287475262980114,Igrmi
ad8f96d1-b08a-4950-9844-a4266b4b1c37,512375199283544075,quadrupletime
aaac82ff-84cd-4165-a6b3-9ddcce38506d,177062588922855424,WaterArko
7199a04c-91db-4b87-ad36-676018db7448,334844577485946881,YouGotHitByGunner
a43bed48-ab15-477d-974c-e9ccc2a6ce6b,166753483981062144,Quote
f0dcd33a-8ab3-417a-b317-8dc63943291f,224802563655073792,Light
79603e8a-fe26-413f-8416-12a51a93209b,542781755904491530,Trash
7bd46451-4bc2-4bc2-b356-2227cd9e4585,381506721090240522,CatChief
3737ad8a-d11e-4dc4-8f0b-e031d335d638,439475259448623113,Zerk
cb779e19-60a9-4653-85e5-6b96e55e7b84,488141998088257538,oceanicalex
0488e477-e660-4787-bb39-f18fd176d998,787155358723604501,bobthezealot
7de964f3-35b9-4492-b32e-f14a5754f2b4,263669587847938048,madhazards
3c2ba109-d9a1-4b7b-8663-4fbbe9397694,314435883438964746,terrian
931e7c80-0470-4154-9ce8-2fcd1e282e1c,1276789633191120933,.
54dcfe22-ac06-45c2-83d5-b0cd8c152fcf,135863159830347776,tiki
e5a60301-da91-4a16-a544-d35cc426863e,1107791166272974898,Duru
55417c86-ed1e-4a9f-aa60-9cf1485d613a,416311256383750144,Tobytopsy
8dc828da-d191-481c-9b91-eacc218e1cb6,1152497383092006942,󠁳
13ec0063-af13-41b0-bde4-eed43753fbcc,889787536170418177,The Mobbyn Representative
a32240a8-59df-4e2b-830b-a00cae6dfd45,138369247775686656,Krephix
7c4af3ba-3dae-4be2-af03-9362b34bab0b,183651809158627328,aamos
1df8846d-842f-42fd-9358-39d56f80fd21,1360726283343888606,qi
d8111867-f210-4771-ab10-8f06aeba3628,139352567485431808,Arjen Migrator
6b867ec1-5e4d-48ae-8aeb-e86206b9d3d4,260957086614028290,mountains and hills and trees
a9638903-0937-4bc3-bf14-798bd4076832,341539584271974402,auty
27a5e840-8f66-42b1-b00e-f65249e6de26,489511646201643009,UNsPooKie
411f194e-2357-42b6-9a76-0b0452be5d93,227964298880614400,lyraava
0b915b43-8891-4bca-a295-3aa08c3d4e65,371668389405655050,deniz
a8a6f551-d3c8-42b1-b46d-4cefbf64b480,535975153037737996,LordParoah
0b65a842-a13b-47a5-82e2-a94e729e1ef2,195157752199380992,brooklyn
cb2eef62-3baa-4288-98ab-d5ab0fb4f13f,321615410631933963,Makuta Teridax
b14a4aca-93a2-4b03-8b3f-aa8f8110e3d9,307874469156880384,Xyra
14e736ef-d846-4d2d-9abd-f9eab274079d,262116810252353537,GalactiC
638b166b-d2e2-4aa3-9b7f-1b7eebe8b58a,1223679964390363305,Magmalis
99fe2f50-05ce-4ba1-8865-8399d84fed24,93717262044770304,Miyu
19936923-6a0f-4d8f-aca5-d0345c2ad726,1104582752340283524,sweaty puppy paws
74e1d4a1-5d34-4a6d-91a7-f97265b56c56,117441399342891015,Blue
f0d9f740-11bc-4c9c-b77a-1bfae075b76f,531902059000365076,yoyofruits
e21d3bc5-cf96-4cf2-a9f8-72080df0b937,246699155727187968,8nirp
e4371afd-22ee-49c4-9b1b-6affb9a5d17c,271947343262253056,Zoros
746f5a22-84a2-499d-9c52-03d58b0983d8,312368694485319710,GATO NA ABÓBORA
da38ddb8-c1ed-4a3d-a588-1efafd263256,476363102976344064,Ligime
c6128e6e-eaca-41bc-918f-fa348cd1ec67,874472458571374643,Tropos
8fb0fc52-7b2f-4237-b759-6d111b0c0e04,402607489616576534,ネク/Nec-Os
7298fc23-ad90-465d-8c5c-16704f9703f2,931968450732105728,geeked off of febreeze
e1db4df5-29df-42b5-8f3d-1989e7689ea4,217288526826438656,JP_Mario
77bc5569-b72c-4b2e-91ef-13e8bd598b28,203904845332217857,DamnItSam
70125c7c-bf5d-45f6-933e-76ca40a4f368,440540061851844618,たのん
735faf53-ff32-465f-8ad5-26109b36fec1,607782649884573729,SapphyNya :3
0ec3eeb5-cdcf-4c22-a96c-5e8521dabb30,460613541402116106,SoccorHerobrine2010
af8bd7c3-c680-4929-b9d5-b536152d7805,774103604470087731,Brodigy
b96686b4-db35-4609-ab94-b2fb8e5f51fc,1375118652839563328,Pyś
abccaa0c-f889-404a-b286-3fa617a3e5ad,742024299442864189,David111IsHere
29f70e36-4bb1-40d0-9073-ff95206cea76,419176949727100948,chaathon
2c44af30-9caa-4019-ab18-37d412e09919,1482885174516781116,tyson
b74077ca-168b-435d-b2e5-30bd6dd100b6,537667531633065993,Palex23
b1f060ce-b9ff-4716-aabe-0fdc3ee292f5,1242484151794270239,The85thLetter
abe7d74e-7718-401b-bbe1-cefe7308d171,254824624683089920,gamefreak9
0c25760c-9773-4a1d-afc3-4bc749cf6456,120628190694604802,Lovely Jade
b3fa683f-3ced-4eb5-a070-6152515c42f2,141674683169898496,Zeodexic
04caf972-f123-4d3d-90ab-2c2fae4e4363,186085307094007808,DiegoGB
81ee9b91-efaf-44df-9538-c60fb7bf2cbc,95744181565140992,Telna
76a52463-7006-4256-82e3-169e15c610b2,368701000133115906,nashix
